Country Name,Country Code,Series Name,Series Code,1960 [YR1960],1961 [YR1961],1962 [YR1962],1963 [YR1963],1964 [YR1964],1965 [YR1965],1966 [YR1966],1967 [YR1967],1968 [YR1968],1969 [YR1969],1970 [YR1970],1971 [YR1971],1972 [YR1972],1973 [YR1973],1974 [YR1974],1975 [YR1975],1976 [YR1976],1977 [YR1977],1978 [YR1978],1979 [YR1979],1980 [YR1980],1981 [YR1981],1982 [YR1982],1983 [YR1983],1984 [YR1984],1985 [YR1985],1986 [YR1986],1987 [YR1987],1988 [YR1988],1989 [YR1989],1990 [YR1990],1991 [YR1991],1992 [YR1992],1993 [YR1993],1994 [YR1994],1995 [YR1995],1996 [YR1996],1997 [YR1997],1998 [YR1998],1999 [YR1999],2000 [YR2000],2001 [YR2001],2002 [YR2002],2003 [YR2003],2004 [YR2004],2005 [YR2005],2006 [YR2006],2007 [YR2007],2008 [YR2008],2009 [YR2009],2010 [YR2010],2011 [YR2011],2012 [YR2012],2013 [YR2013],2014 [YR2014],2015 [YR2015],2016 [YR2016],2017 [YR2017],2018 [YR2018],2019 [YR2019],2020 [YR2020],2021 [YR2021]
OECD members,OED,"Inflation, consumer prices (annual %)",FP.CPI.TOTL.ZG,1.94574935198639,2.15797310981959,4.26372712149085,2.96696086316878,3.44489848222766,4.18722443998003,4.17434761852997,3.57995226730307,4.09389143106837,3.48791924395204,5.73114484293536,6.39534883720931,6.56236090256546,9.14347112874361,15.5485200326028,14.1568726272875,11.6367520558869,11.1820214595703,8.61843219505992,10.1288922753687,13.634450606601,13.6429608127721,11.3409961685824,8.87302152363218,7.6738026224732,6.73469387755101,5.29166170071089,4.7472849038979,5.82489868439442,6.25983137956973,6.72181952228662,5.93421344335925,5.05697932185187,4.59790321006549,3.50262577413398,4.35177861328367,3.00009076251616,2.26900305912497,2.10577481135341,2.17260318876207,3.06380344899536,3.18908268106049,2.47736067910933,2.18428358241518,2.25796409638231,2.4695989874028,2.60015376460352,2.48470438812868,4.11407022033818,1.10457711175389,1.80735230566101,3.37429759432518,2.52945520915773,1.45156526398379,0.624517311086541,0.338705695410171,0.443258965728606,1.82264336059064,1.93246812286361,1.74071267870177,0.732851645175872,2.8152885443583
OECD members,OED,GDP per capita growth (annual %),NY.GDP.PCAP.KD.ZG,..,2.90199027876632,4.17323823970426,3.9156373877242,5.013016261942,4.08632351923615,4.64089615175997,3.12079948289501,4.82126100253633,4.05351142589019,1.62683873707419,2.37065856563103,4.18759102125976,4.90228210577166,-0.164392785927134,-0.833956633061192,3.84767956283972,2.81341361585747,3.47653596472479,2.92599798266041,0.198347737943493,1.12139737278171,-0.601877901492642,2.10758824540021,3.89471124841604,2.89986815536125,2.28944544688406,2.69917519921788,3.74772659450147,3.01010355457905,2.12374903699141,0.33020081516311,1.21485733859734,0.433344614693283,2.31601962406347,1.82644055864201,2.30235383812212,2.75957377462315,2.22131751647549,2.65882073297452,3.32443200659888,0.63195884252562,0.783629367680774,1.28912841990352,2.51165970581233,2.08193188566233,2.24511433196568,1.82493596346798,-0.36315616613544,-4.03526728310975,2.32195531606096,1.35427062757918,0.759664769694069,0.864914948308709,1.40307997602636,1.76217264009367,1.16001386844447,1.87730604483146,1.78127234600882,1.24258635388837,-4.74765584683045,5.1935268133314
OECD members,OED,GDP per capita (current US$),NY.GDP.PCAP.CD,1338.59473504978,1388.35534734785,1477.93033514216,1571.37983548114,1694.33250426594,1815.11817750345,1967.62914208208,2087.00094540118,2237.68528123989,2433.39980206847,2622.67229725966,2866.95167970987,3287.29448398086,3927.73262482174,4353.8876087482,4829.57533804245,5186.95130883197,5795.83526763458,6895.73213754925,7888.21689148364,8684.71342660424,8761.83246728112,8557.73070231476,8765.8339918035,9096.80564232729,9507.42095545228,11426.2189477599,13130.2270303367,14683.9652550347,15240.2407130605,17017.7338456799,17834.6421835967,19000.1155259714,19086.7458198522,20308.5438459546,22207.0401842792,22218.3681871911,21710.7557026263,21768.3788354472,22694.5498011634,23026.0977057823,22637.4780933485,23442.8807733102,26030.5475281099,28768.3485356557,30196.5984700289,31620.6430140409,34356.7954034449,36204.7884195546,33635.0329941469,35053.0002915507,37510.4689031111,37238.6273555564,37492.0293932166,38000.9430879342,35599.0800395663,36049.378510069,37403.3878726541,39348.3143589819,39531.6603463651,38326.8576017416,42446.8593225577
OECD members,OED,Lending interest rate (%),FR.INR.LEND,..,..,..,..,..,..,..,..,..,..,..,..,..,..,..,..,..,..,..,..,..,..,..,..,..,..,..,..,..,..,..,..,..,..,..,..,..,..,..,..,..,..,..,..,..,..,..,..,..,..,..,..,..,..,..,..,..,..,..,..,..,..
OECD members,OED,"Unemployment, total (% of total labor force) (national estimate)",SL.UEM.TOTL.NE.ZS,..,..,..,..,..,..,..,..,..,..,..,..,..,..,..,..,..,..,..,..,..,..,..,..,..,..,..,..,..,..,5.93561479535493,6.5409979876526,7.27043982657396,7.69678592284629,7.80486142430336,7.56615839559849,7.54494421465676,7.24901412091541,7.20706223422937,7.17778377217914,6.76754234001004,6.6333230742962,7.14809936155084,7.26911164629766,7.14425054429621,6.82414835937032,6.11055030629672,5.79000112642086,6.11960613583894,8.27250818430075,8.44592859509927,8.05440562052894,8.03633392482227,7.92654888744875,7.39883418477478,6.85076361112367,6.43847408730989,5.90828247644726,5.47226316266601,5.39239451470074,7.2410502548527,6.26195154125016
OECD members,OED,Consumer price index (2010 = 100),FP.CPI.TOTL,..,..,..,..,..,..,..,..,..,..,..,..,..,..,..,..,..,..,..,..,..,..,..,..,..,..,..,..,..,..,..,..,..,..,..,..,..,..,..,..,..,..,..,..,..,..,..,..,..,..,..,..,..,..,..,..,..,..,..,..,..,..
Japan,JPN,"Inflation, consumer prices (annual %)",FP.CPI.TOTL.ZG,3.57451152535914,5.36846178480055,6.83544034819732,6.70690556397991,3.8003894530575,6.65599094260619,5.04083205887677,3.98984808881514,5.3394329573935,5.2498209110202,6.92417383485783,6.39534883720931,4.84351713859909,11.608623548922,23.2222458076842,11.7312661498708,9.37403638606229,8.16182689596842,4.20956601068684,3.70185092546274,7.77858176555714,4.91216291820522,2.74104095563138,1.89971971348492,2.26161369193155,2.03227734608485,0.59558679945326,0.12617684169661,0.678557580457528,2.27228962064317,3.07851628695158,3.25143848753312,1.76028306059266,1.24304589707929,0.695458057868992,-0.127899045020497,0.136600358575949,1.74780458692129,0.661974191385979,-0.341296928327639,-0.676578683595068,-0.740055504162799,-0.923494026942322,-0.256541816316057,-0.00857338820302009,-0.282946068764459,0.249355116079115,0.0600394544986581,1.38007886164923,-1.3528367295172,-0.728243207517742,-0.272455616101254,-0.0440645104433029,0.335037912184809,2.75922671353253,0.795279630579775,-0.127258844489691,0.484199796126387,0.989094598021806,0.468776159383912,-0.0249958340276592,-0.233352779398279
Japan,JPN,GDP per capita growth (annual %),NY.GDP.PCAP.KD.ZG,..,11.0440730403403,7.90171442068974,7.37985706283395,10.5207920914166,4.68645001649419,9.63235963058663,9.93883449912613,11.6174281532467,11.1486573220626,1.28181378734011,2.4266523567772,6.90549972226684,6.52302359659433,-2.52983920007762,1.78783564198017,2.86677809806082,3.38468071473208,4.31828011468774,4.59476830698536,2.01041585735973,3.5038862937472,2.56581541921426,2.91186541309219,3.73615647916348,4.50363061497403,2.74561524717127,4.14563058840942,6.21872855329639,4.50717015952465,4.49366120419509,3.11749463315445,0.526745036209022,-0.781376228136594,0.801559685125412,2.39051955805158,2.900141234358,0.740905952598837,-1.53824407565509,-0.515740590055131,2.59289108650813,0.144511690084897,-0.190392013612978,1.31809196241525,2.15172332918605,1.79433980060388,1.30812718300903,1.36742232603785,-1.27210994887062,-5.68145234031182,4.07922304843274,0.209251802819637,1.53678665884595,2.15237106564643,0.429381122520397,1.66846511711745,0.805362824616168,1.75861180161444,0.711770198436739,-0.100125010765368,-4.22555534092724,2.12572223161041
Japan,JPN,GDP per capita (current US$),NY.GDP.PCAP.CD,475.319075592173,568.907742697122,639.640785435342,724.693762224539,843.616878543607,928.518848597045,1068.55843990563,1239.31837741267,1451.33770268101,1684.65940266378,2056.12204597008,2272.07780221047,2967.0419962342,3974.74560470548,4353.82435516245,4674.44548119394,5197.62233650784,6335.28687066895,8820.69194537469,9103.56475559867,9463.35385519596,10360.1782674787,9575.60771340783,10421.2124356394,10978.9198054992,11576.6921126865,17113.2623242419,20748.9909244528,25059.0074334621,24822.7755670655,25371.4641705246,28915.0082048082,31414.9846370412,35681.9639422506,39933.5150564874,44197.6191013908,39150.0396308089,35638.2319556941,32423.7556133801,36610.1683163197,39169.3595701504,34406.1824638092,32820.7936433254,35387.0374203599,38298.9801712303,37812.8950199948,35991.546002862,35779.0245416427,39876.3039685725,41308.9968370512,44968.1562349739,48760.0789494211,49145.2804308193,40898.6478964744,38475.3952461838,34960.6393843385,39375.4731620781,38834.0529341227,39727.1165995928,40458.0018755824,39918.1675583443,39312.6603730693
Japan,JPN,Lending interest rate (%),FR.INR.LEND,..,..,..,..,..,..,..,..,..,..,..,..,..,..,..,..,..,..,..,..,..,..,..,..,..,..,..,..,..,..,..,..,..,4.86355555555556,4.13341666666667,3.50583333333333,2.65758333333333,2.44883333333333,2.32091666666667,2.16083333333333,2.06716666666667,1.96941666666667,1.86491666666667,1.82208333333333,1.76658333333333,1.67691666666667,1.66483333333333,1.88325,1.9095,1.72333333333333,1.59833333333333,1.50091666666667,1.4075,1.30375,1.21916666666667,1.14283333333333,1.04475,0.994,..,..,..,..
Japan,JPN,"Unemployment, total (% of total labor force) (national estimate)",SL.UEM.TOTL.NE.ZS,1.70000004768372,1.39999997615814,1.29999995231628,1.29999995231628,1.10000002384186,1.20000004768372,1.29999995231628,1.29999995231628,1.20000004768372,1.10000002384186,1.10000002384186,1.20000004768372,1.39999997615814,1.29999995231628,1.39999997615814,1.89999997615814,2,2,2.20000004768372,2.09999990463257,2,2.20000004768372,2.40000009536743,2.59999990463257,2.70000004768372,2.59999990463257,2.79999995231628,2.79999995231628,2.5,2.29999995231628,2.09999990463257,2.09999990463257,2.20000004768372,2.5,2.90000009536743,3.20000004768372,3.40000009536743,3.40000009536743,4.09999990463257,4.69999980926514,4.75,5.01999998092651,5.3899998664856,5.25,4.73000001907349,4.44999980926514,4.19000005722046,3.89000010490417,4,5.07000017166138,5.09999990463257,4.55000019073486,4.3600001335144,4.03999996185303,3.58999991416931,3.39000010490417,3.13000011444092,2.8199999332428,2.47000002861023,2.34999990463257,2.79999995231628,2.79999995231628
Japan,JPN,Consumer price index (2010 = 100),FP.CPI.TOTL,18.9725686020745,19.991103697072,21.3575836652316,22.7900166324067,23.6561260208547,25.2306756261743,26.5025116118097,27.5599215648415,29.0314650999065,30.5555650254969,32.6712854640853,34.760728139114,36.4443699640338,40.675059677935,50.1207220187672,56.0005173150257,61.2500261845193,66.2491472954351,69.0379488823536,71.5936308319755,77.1625999451719,80.9529525664016,83.1719061510396,84.751939248272,86.6687007104885,88.4300490811738,88.9567267802513,89.0689695685793,89.6733538134223,91.7109921246073,94.5343299540883,97.608055542147,99.3262336096293,100.560904281237,101.260263193127,101.130752283518,101.268897253768,103.038879685094,103.720970475702,103.366973989437,102.667615077547,101.907817741173,100.966705131346,100.707683312128,100.699049251487,100.414125250347,100.664513008925,100.724951433409,102.115035196548,100.733585494049,100,99.7275443838987,99.6835999296889,100.017577781684,102.777289506064,103.594656354368,103.462822991738,103.963789769731,104.992089998242,105.484267885393,105.457901212867,105.211812269292
United States,USA,"Inflation, consumer prices (annual %)",FP.CPI.TOTL.ZG,1.45797598627786,1.07072414764723,1.19877334820185,1.2396694214876,1.27891156462583,1.58516926383669,3.01507537688439,2.77278562259307,4.27179615288534,5.4623862002875,5.83825533848253,4.29276668813045,3.27227824655283,6.17776006377041,11.0548048048048,9.14314686496534,5.74481263549085,6.50168399472839,7.63096383885602,11.2544711292795,13.5492019749684,10.3347153402771,6.13142700027494,3.21243523316063,4.30053547523427,3.54564415209369,1.89804772234275,3.66456321751691,4.07774110744408,4.82700303008949,5.39795643990322,4.23496396453853,3.0288196781497,2.95165696638554,2.6074415921546,2.80541968853655,2.9312041999344,2.33768993730741,1.55227909874362,2.18802719697358,3.37685727149935,2.82617111885402,1.58603162650603,2.27009497336113,2.67723669309173,3.39274684549547,3.22594410070407,2.85267248150136,3.83910029665101,-0.35554626629975,1.64004344238989,3.15684156862206,2.06933726526059,1.46483265562714,1.62222297740821,0.118627135552435,1.26158320570537,2.13011000365963,2.44258329692818,1.81221007526015,1.23358439630637,4.69785886363739
United States,USA,GDP per capita growth (annual %),NY.GDP.PCAP.KD.ZG,..,0.618121192654741,4.48066935423358,2.90827194808753,4.34054896320299,5.07809761043293,5.27711385836413,1.38995128628369,3.75881936763187,2.09736970647879,-1.43845053330176,1.99560023463674,4.13809677493917,4.64215574445912,-1.44513434368933,-1.18458141215473,4.39146286737468,3.57714670648173,4.42298460692567,2.03388706463849,-1.20929826319077,1.53632028085542,-2.73456973098722,3.631979295881,6.31216765588185,3.25065642338708,2.51088596744542,2.53862353656405,3.23541610899424,2.69816667236526,0.74148609960973,-1.43420012525736,2.09661276602233,1.40570856500528,2.76088229716902,1.46871823407399,2.57225920399024,3.1972120547039,3.27051107297336,3.59798501816873,2.92544098347776,-0.0399197287893003,0.756774050858581,1.91648045091225,2.89584777850045,2.53378411366741,1.79648632582968,1.04493013677586,-0.820367898524154,-3.45001592321435,1.86029167805893,0.814519357932042,1.53310203539129,1.13869234666606,1.54038064866397,1.95300411790625,0.933375361665711,1.59713559028371,2.40486787201,1.82966838809384,-3.69792209570822,5.82014017609322
United States,USA,GDP per capita (current US$),NY.GDP.PCAP.CD,3007.12344537862,3066.56286916615,3243.84307754988,3374.51517105082,3573.94118474743,3827.52710972039,4146.31664631665,4336.42658722171,4695.92339043178,5032.14474262003,5234.2966662115,5609.38259952519,6094.01798986165,6726.35895596695,7225.69135952566,7801.45666356443,8592.25353727612,9452.57651914511,10564.9482220275,11674.1818666548,12574.7915062163,13976.10539252,14433.787727053,15543.8937174925,17121.2254849995,18236.8277265009,19071.2271949295,20038.9410992658,21417.0119305191,22857.1544330056,23888.6000088133,24342.2589048189,25418.9907763319,26387.2937338171,27694.853416234,28690.8757013347,29967.7127181749,31459.1389804773,32853.6769523009,34515.3902272076,36329.9560727102,37133.623113437,37997.7596573051,39490.2749557007,41724.6316287624,44123.4070679055,46302.0008800056,48050.2237771135,48570.0459804586,47194.9433547336,48650.6431283336,50065.9665041742,51784.4185738837,53291.1276891406,55123.8497869046,56762.7294515989,57866.7449341091,59907.754260885,62823.309438197,65120.3946628653,63530.633483909,70248.6290002242
United States,USA,Lending interest rate (%),FR.INR.LEND,4.82083333333333,4.5,4.5,4.5,4.5,4.535,5.625,5.63333333333333,6.3125,7.95166666666667,7.91,5.72333333333333,5.24833333333333,8.02166666666667,10.7983333333333,7.8625,6.84,6.82416666666667,9.05666666666667,12.6658333333333,15.2658333333333,18.87,14.8608333333333,10.7941666666667,12.0425,9.93333333333333,8.3325,8.20333333333333,9.315,10.8733333333333,10.0091666666667,8.46333333333333,6.25166666666667,6,7.13833333333333,8.82916666666667,8.27083333333333,8.44166666666667,8.35416666666667,7.99416666666667,9.23333333333333,6.92166666666667,4.675,4.1225,4.34,6.18916666666667,7.9575,8.05,5.0875,3.25,3.25,3.25,3.25,3.25,3.25,3.26,3.51166666666667,4.09666666666667,4.90416666666667,5.2825,3.54416666666667,3.25
United States,USA,"Unemployment, total (% of total labor force) (national estimate)",SL.UEM.TOTL.NE.ZS,5.5,6.69999980926514,5.5,5.69999980926514,5.19999980926514,4.5,3.79999995231628,3.79999995231628,3.59999990463257,3.5,4.90000009536743,5.90000009536743,5.59999990463257,4.90000009536743,5.59999990463257,8.5,7.69999980926514,7.09999990463257,6.09999990463257,5.80000019073486,7.09999990463257,7.59999990463257,9.69999980926514,9.60000038146973,7.5,7.19999980926514,7,6.19999980926514,5.5,5.30000019073486,5.59999990463257,6.80000019073486,7.5,6.90000009536743,6.11999988555908,5.65000009536743,5.44999980926514,5,4.51000022888184,4.21999979019165,3.99000000953674,4.73000001907349,5.78000020980835,5.98999977111816,5.53000020980835,5.07999992370605,4.61999988555908,4.61999988555908,5.78000020980835,9.25,9.63000011444092,8.94999980926514,8.06999969482422,7.36999988555908,6.17000007629395,5.28000020980835,4.86999988555908,4.3600001335144,3.90000009536743,3.67000007629395,8.05000019073486,5.34999990463257
United States,USA,Consumer price index (2010 = 100),FP.CPI.TOTL,13.5630607803977,13.7082837473334,13.8726149993924,14.0445895655005,14.2242074456579,14.4496852101109,14.8853541109182,15.2980930695779,15.9515964207889,16.8229342224036,17.8051000777325,18.5694314826577,19.1770749495732,20.3617886272073,22.612744614712,24.6802610650347,26.0980958211709,27.7949115401049,29.9159311887723,33.2828110274678,37.7923663165265,41.6980997956942,44.254788345169,45.6764447583299,47.6407764689876,49.3299488738723,50.2662548449057,52.1082935307754,54.2331348364675,56.8509698983363,59.919760489111,62.4573407534626,64.3490609806525,66.2484245218916,67.9758134970226,69.8828203523109,71.9312285175105,73.6127576083459,74.7554330587091,76.391102265249,78.9707207568716,81.2025684592531,82.4904668765521,84.3630788186188,86.6216781201728,89.5605323721102,92.4497050827274,95.0869923788515,98.7374773853446,98.3864199710624,100,103.156841568622,105.291504532867,106.833848874866,108.566932118964,108.695721960693,110.06700893427,112.411557302308,115.157303224791,117.244195476228,118.690501577198,124.266413825838
Mexico,MEX,"Inflation, consumer prices (annual %)",FP.CPI.TOTL.ZG,4.92751886903111,1.6087596908193,1.19898417815083,0.594055008461957,2.33790317234361,3.56803865742935,4.21578837738439,3.01694847502145,2.33395093467026,3.36700336711682,5.00341205483424,5.46902899376842,4.94369236377868,12.0819394612939,23.7840154425787,14.9445346409267,15.824722489347,29.0641247103462,17.4572925678264,18.1912462987644,26.3516513562834,27.9337625982399,58.9134198531048,101.874938435992,65.4488071277602,57.7484484008702,86.2333169923538,131.827383923089,114.162258549066,20.0078767139978,26.6516725646771,22.662359455061,15.5078962533572,9.75146045357564,6.96581237191123,34.9992712889592,34.3783832235167,20.6256287259248,15.9283950119352,16.5856169707539,9.49156149435404,6.36773806235032,5.03072733151299,4.54690012118717,4.68840884843147,3.98805714597435,3.62946762439129,3.96684905458234,5.12498274575897,5.29735584228859,4.15672722680176,3.40737824605736,4.11150981070293,3.80639069747207,4.01861608078673,2.7206406496403,2.82170784747653,6.04145724018992,4.89935015356549,3.6359614212705,3.39683415569999,5.68920847683764
Mexico,MEX,GDP per capita growth (annual %),NY.GDP.PCAP.KD.ZG,..,1.71515081394472,1.29864622771687,4.59499172281146,8.24578658755478,3.58133899403947,2.63220906229841,2.43162340332943,5.912633025003,0.140651623079748,3.16714192168044,0.54674874595193,4.90218572335503,4.57075650545849,2.58624657246081,2.59873343711767,1.37631943765896,0.38508878914169,5.7939692448262,6.6238387775448,6.43845983465458,6.12951585608275,-2.52429980692239,-5.39248580917024,1.42765865043621,0.301015177283205,-4.79851114996043,-0.0209153306280143,-0.435148134553614,2.36457234070903,3.26238381460151,2.17530173621472,1.54129612621263,-0.00627042610834394,2.96145584383846,-8.01516790828568,4.88815073113065,5.01620726172816,3.40593832291518,1.08158470837868,3.29269240921286,-1.92831658103175,-1.54819790978986,-0.0513649848795268,2.4044867783991,0.85570870923371,3.08300969973033,0.953870184713892,-0.130355617829551,-6.44990305246394,3.73285194759218,2.19358757838944,2.20489898111602,0.0278491497182358,1.58082066291567,2.09471782379221,1.47405322706069,1.01581618490397,1.22705012273423,-1.05391817559632,-8.65463726096949,4.1363722123716
Mexico,MEX,GDP per capita (current US$),NY.GDP.PCAP.CD,359.545059695095,378.212027746126,392.934591409938,424.189633975869,485.800050021921,511.020744985416,550.46988331057,581.729450555001,622.425063446123,666.74338594872,706.313187141616,755.332488401455,844.174438114132,1000.93787226791,1264.35836973632,1499.35556675453,1472.65887600417,1314.01971848122,1598.46554792896,2039.64626434516,3029.88735540172,3812.58077593167,2612.75917135116,2166.46125113104,2507.31206093809,2607.38025105777,1765.18487804712,1902.4380675542,2302.02701725649,2759.44565065244,3196.9189246775,3756.88993658112,4272.7859647897,5778.93872241404,5976.52358720335,4002.17430448435,4487.29177890965,5370.21751079841,5555.73724554862,6230.69557144429,7232.87880868278,7613.17693215721,7650.89884967419,7120.3847701944,7525.46523432127,8321.85349288706,9125.42262440559,9719.92045203482,10119.8362111768,8104.90757907686,9399.97090779255,10341.5210484975,10376.0576664423,10865.6802017218,11076.0924511013,9753.38004823861,8875.06225558599,9434.38648739127,9857.02882925559,10145.1701829207,8655.00068206803,10045.6805004963
Mexico,MEX,Lending interest rate (%),FR.INR.LEND,..,..,..,..,..,..,..,..,..,..,..,..,..,..,..,..,..,..,..,..,..,..,..,..,..,..,..,..,..,..,..,..,..,18.225,19.3,59.4316666666667,36.3858333333333,22.14,26.3583333333333,23.7425,16.9283333333333,12.795,8.21083333333334,7.0225,7.43833333333333,9.695,7.51183478062322,7.56083333333333,8.70576785663225,7.065,5.28083333333333,4.91083333333333,4.68083333333333,4.27083333333333,3.55166666666667,3.43916666666667,4.75416666666667,7.3325,8.04,8.42916666666667,6.34166666666667,4.89166666666667
Mexico,MEX,"Unemployment, total (% of total labor force) (national estimate)",SL.UEM.TOTL.NE.ZS,..,..,..,..,..,..,..,..,..,..,..,..,..,..,..,..,..,..,..,..,..,..,..,..,..,..,..,..,1.75999999046326,..,..,3.15000009536743,3.24000000953674,3.36999988555908,4.44000005722046,7.09999990463257,5.46999979019165,4.23999977111816,3.73000001907349,2.59999990463257,2.65000009536743,2.63000011444092,3,3.46000003814697,3.94000005722046,3.55999994277954,3.5699999332428,3.63000011444092,3.86999988555908,5.3600001335144,5.30000019073486,5.17000007629395,4.8899998664856,4.90999984741211,4.80999994277954,4.30999994277954,3.85999989509583,3.42000007629395,3.26999998092651,3.48000001907349,4.44999980926514,4.09000015258789
Mexico,MEX,Consumer price index (2010 = 100),FP.CPI.TOTL,0.0129045481900888,0.0131121513596533,0.0132693639798707,0.0133481913011842,0.0136602590890651,0.0141476624140679,0.0147440979217918,0.0151889197591989,0.0155434216938851,0.0160667692256834,0.0168706558939436,0.0177933169562223,0.01867296380785,0.0209290199907437,0.0259067813373226,0.0297784292486279,0.0344907830389098,0.0445152272349135,0.0522863806905451,0.0617979249826717,0.0780826987195229,0.0998941344101334,0.1587451852238,0.320466744940648,0.530208406745464,0.836395534931944,1.5576471478797,3.61105263368213,7.73351187768915,9.28082339983958,11.7543180636707,14.418123874751,16.6540715669279,18.278086769687,19.5513039992386,26.3941179264612,35.467988935687,42.7834846501138,49.5982070850547,57.8243757365431,63.3128119183035,67.3444059411695,70.732319377097,73.9484472925727,77.4154528387154,80.5028253377382,83.4246493200917,86.7339792329343,91.1790807033324,96.0091610619154,100,103.407378246057,107.658982747635,111.756904251934,116.247985177591,119.410675116721,122.780095507214,130.197802476747,136.57664871233,141.542522969974,146.350487735058,154.676672089174
Canada,CAN,"Inflation, consumer prices (annual %)",FP.CPI.TOTL.ZG,1.35869565217391,1.01876675603215,1.06157112526541,1.6281512605042,1.91214470284239,2.33265720081134,3.81565906838456,3.57995226730307,4.05529953917053,4.56155890168291,3.34603981363828,2.70491803278688,4.9880287310455,7.48764728240213,10.997171145686,10.672188595094,7.54173862982152,7.97644539614562,8.97372335151215,9.1446769790719,10.1292205085452,12.4716124148373,10.7689718997139,5.86358802977366,4.30477830391736,3.96203054065208,4.19478629085617,4.3561087122174,4.02823414871611,4.98362189985959,4.78047693336305,5.62586408593004,1.49013290374545,1.86507936507936,0.165562913907281,2.14876033057852,1.57053112507137,1.62121638084528,0.995942456658074,1.73484295105918,2.71943995691972,2.52512013979907,2.25839440940856,2.75856321360112,1.85725871857261,2.21355203439764,2.00202539534156,2.13838399266843,2.37027067444294,0.299466803009284,1.77687154092629,2.91213508872355,1.51567823124521,0.93829189781521,1.90663590717873,1.12524136094279,1.4287595470108,1.5968841285297,2.268225672481,1.94926902411596,0.716999632307852,3.39519318527532
Canada,CAN,GDP per capita growth (annual %),NY.GDP.PCAP.KD.ZG,..,1.12134622601145,5.44585823647479,3.40521291674428,4.65075548180265,4.40951831705128,4.73567577508092,1.25281682979357,3.31525003537992,3.62673325493226,..,..,..,..,..,..,..,..,..,..,..,..,..,..,..,..,..,..,..,..,..,..,..,..,..,..,..,..,3.03747599130375,4.31156936976191,4.20268257440837,0.690161249997033,1.90385200150641,0.888030154206845,2.12963094088859,2.23405942944252,1.6025747643792,1.08297553795269,-0.0802948387444928,-4.03041984871436,1.94962818944229,2.14230900946657,0.663247994866836,1.25361381330025,1.84102612431141,-0.089285801148975,-0.135842621321913,1.81127891680259,1.33556428524561,0.426917853285573,-6.31922236990395,3.96987471063636
Canada,CAN,GDP per capita (current US$),NY.GDP.PCAP.CD,2259.25051088642,2240.43303945853,2268.58534607907,2374.49844764883,2555.11114601309,2770.36180408145,3047.10614707958,3217.15929360795,3462.67887195794,3763.95337938417,4121.93281373693,4520.1628781257,5089.58790204875,5838.66089434012,7033.01102090736,7511.21134279151,8809.26466044933,8919.05746104275,9123.69133364505,10043.6609586669,11170.5639723393,12337.4662493804,12481.8747874298,13425.1224888294,13877.9170763469,14114.8077599664,14461.0692388787,16308.9669663579,18936.9641024997,20715.631483174,21448.3619600057,21768.3432941828,20879.8483300891,20121.1612532855,19935.3814579208,20613.7878829216,21227.3475315896,21901.5628548392,21024.5850687045,22315.2466731545,24271.0020563821,23822.0601178964,24255.3385818322,28300.4630963791,32143.6814078562,36382.5079164537,40504.0607253203,44659.8951408034,46710.5055759013,40876.3101540295,47562.0834253057,52223.696112356,52669.0899632316,52635.1749580433,50955.9983232404,43596.1355365546,42315.6037056806,45129.4292980922,46548.6384108296,46328.6718408497,43258.2638715601,51987.9390529728
Canada,CAN,Lending interest rate (%),FR.INR.LEND,5.75,5.60416666666667,5.70833333333333,5.75,5.75,5.77083333333333,6,5.91666666666667,6.91666666666667,7.95833333333333,8.16666666666667,6.47916666666667,6,7.64583333333333,10.75,9.41666666666667,10.0416666666667,8.5,9.6875,12.8958333333333,14.25,19.2916666666667,15.8125,11.1666666666667,12.0625,10.5833333333333,10.5208333333333,9.52083333333333,10.8333333333333,13.3333333333333,14.0625,9.9375,7.47916666666667,5.9375,6.875,8.64583333333333,6.0625,4.95833333333333,6.60416666666667,6.4375,7.27083333333333,5.8125,4.20833333333333,4.6875,4,4.41666666666667,5.8125,6.10416666666667,4.72916666666667,2.39583333333333,2.60416666666667,3,3,3,3,2.775,2.7,2.7,..,..,..,..
Canada,CAN,"Unemployment, total (% of total labor force) (national estimate)",SL.UEM.TOTL.NE.ZS,..,..,..,..,..,..,..,..,..,4.69999980926514,5.90000009536743,6.40000009536743,6.30000019073486,5.59999990463257,5.40000009536743,..,7.09000015258789,8.05000019073486,8.38000011444092,7.53000020980835,7.53999996185303,7.6100001335144,11.039999961853,12.0200004577637,11.3400001525879,10.5,9.59000015258789,8.81999969482422,7.76000022888184,7.55000019073486,8.13000011444092,10.3199996948242,11.1999998092651,11.3800001144409,10.3999996185303,9.48999977111816,9.61999988555908,9.10000038146973,8.27999973297119,7.57999992370605,6.82999992370605,7.21999979019165,7.65999984741211,7.57000017166138,7.19000005722046,6.76000022888184,6.32000017166138,6.03999996185303,6.1399998664856,8.34000015258789,8.0600004196167,7.51000022888184,7.28999996185303,7.07000017166138,6.90999984741211,6.90999984741211,7,6.34000015258789,5.82999992370605,5.65999984741211,9.46000003814697,7.46000003814697
Canada,CAN,Consumer price index (2010 = 100),FP.CPI.TOTL,13.3443045220378,13.480251860332,13.6233543216943,13.845163136806,14.1099026903263,14.4390383514596,14.9899828277046,15.5266170578134,16.1562678878077,16.8932455638237,17.4585002862049,17.9307384087006,18.8251287922152,20.2346880366342,22.4599313108185,24.8568975386377,26.7315397824843,28.8637664567831,31.4539210074413,34.3302804808243,37.807670291929,42.522896393818,47.1021751574127,49.8640526617058,52.0105895821408,54.0712650257585,56.3394390383515,58.7936462507155,61.1619919862622,64.2100744132799,67.279622209502,71.0646823125358,72.1236405266171,73.468803663423,73.590440755581,75.1717229536348,76.3523182598741,77.5901545506583,78.3629078420149,79.7223812249571,81.8903835145964,83.9582140812822,85.8543216943332,88.2226674298798,89.8611906124786,91.850314825415,93.689181453921,95.6926159129937,97.9607899255867,98.2541499713795,100,102.912135088724,104.471951917573,105.452203777905,107.462793360046,108.672009158558,110.224670864339,111.984831139096,114.524899828277,116.75729822553,117.594447624499,121.587006296508
,,,,,,,,,,,,,,,,,,,,,,,,,,,,,,,,,,,,,,,,,,,,,,,,,,,,,,,,,,,,,,,,,
,,,,,,,,,,,,,,,,,,,,,,,,,,,,,,,,,,,,,,,,,,,,,,,,,,,,,,,,,,,,,,,,,
,,,,,,,,,,,,,,,,,,,,,,,,,,,,,,,,,,,,,,,,,,,,,,,,,,,,,,,,,,,,,,,,,
Data from database: World Development Indicators,,,,,,,,,,,,,,,,,,,,,,,,,,,,,,,,,,,,,,,,,,,,,,,,,,,,,,,,,,,,,,,,,
Last Updated: 12/22/2022,,,,,,,,,,,,,,,,,,,,,,,,,,,,,,,,,,,,,,,,,,,,,,,,,,,,,,,,,,,,,,,,,
